,STAI_S,STAI_T,CalibrationError,mean_quality
PC1,-0.14728459417692616,-0.1459758697539729,0.33647514059228834,-0.5840962503008401
PC2,0.2854475618272361,0.33425348858728343,0.19270572381777815,-0.20286813426185837
PC3,0.10346928876118242,0.1265842376469735,-0.04883588398019638,0.057525987437141275
PC4,0.04436206748045196,0.04557613599478342,-0.09812035728843879,0.1296502878653238
PC5,0.0006385737448054089,0.00802217122917173,-0.027494647401268793,-0.047101152410441945
